{
  "classes": [
    "background",
    "drone",
    "helicopter"
  ],
  "scaler_mean": [
    -226.5428330487123,
    56.37815548028383,
    0.31390701167078483,
    19.279909205476375,
    -3.532554124970058,
    8.927071008114662,
    -2.876862214317683,
    5.6295272572759405,
    -1.9011210410200334,
    2.708900315865564,
    -1.1390261910071044,
    1.6535245604882085,
    -0.5801612515933812,
    0.8695249307856473,
    -0.6120529611353521,
    0.7802973794371442,
    -0.8147566573047597,
    0.27677602341605556,
    -0.8857991192287213,
    0.15813714255475336,
    26.710606351094665,
    1782.8852542120228,
    549.4403071368547,
    3672.894017719796,
    1104.5827639082577,
    0.010345393863159446,
    0.011607407544495244,
    1771.5754201801212,
    277.4092524715729,
    1.1511549967306631,
    0.2747219379548277,
    0.16270842727002066,
    0.23864806002820843
  ],
  "scaler_std": [
    166.9730149613329,
    54.52851982604717,
    25.405961350187418,
    20.074823676358204,
    15.123416004068705,
    12.816722050686192,
    10.551514288846882,
    9.292305079132825,
    8.169091324611728,
    7.045051684040787,
    6.468774971826564,
    6.129936983078768,
    5.779494607506531,
    5.583685289435534,
    5.275638041732165,
    4.788744235310547,
    4.737634710084806,
    4.6415235638581835,
    4.331767888691308,
    4.108404297651519,
    27.860139872825982,
    838.6732015754238,
    329.97780677304075,
    1620.6108138770353,
    620.8583746285273,
    0.013147677585503297,
    0.017287818789376654,
    557.1487154913906,
    151.20151839167872,
    0.0465203711587404,
    0.10252171475697884,
    0.182018090383258,
    0.1754538853693091
  ],
  "feature_order": [
    "mfcc[0..19] (means over time)",
    "energy_rms",
    "centroid_mean",
    "centroid_std",
    "rolloff85_mean",
    "rolloff85_std",
    "flatness_mean",
    "flatness_std",
    "bandwidth_mean",
    "bandwidth_std",
    "spectral_flux_mean",
    "zcr_mean",
    "bandratio_0_120Hz",
    "bandratio_150_450Hz"
  ],
  "feature_config": {
    "sr": 16000,
    "n_fft": 1024,
    "hop_length": 256,
    "mfcc_n": 20,
    "fmin": 20,
    "fmax": 8000,
    "roll_percent": 0.85,
    "band_low": [
      0,
      120
    ],
    "band_mid": [
      150,
      450
    ],
    "window_seconds": 0.8
  }
}
